Q1,Q2,Q3,Q3_1,Q3_2,Q3_3,Q3_4,Q3_5,Q3_6,Q3_7,Q4,Q4_1,Q4_2,Q4_3,Q4_4,Q4_5,Q4_6,Q4_7,Q5,Q5_1,Q5_2,Q5_3,Q5_4,Q5_5,Q5_6,Q6,Q6_1_a,Q6_1_b,Q6_2_a,Q6_2_b,Q6_3_a,Q6_3_b,Q6_4_a,Q6_4_b,Q6_5_a,Q6_5_b,Q6_6_a,Q6_6_b,Q7,Q7_1_a,Q7_1_b,Q7_2_a,Q7_2_b,Q7_3_a,Q7_3_b,Q7_4_a,Q7_4_b,Q7_5_a,Q7_5_b,Q7_6_a,Q7_6_b,Q8,Q8_1_a,Q8_1_b,Q8_2_a,Q8_2_b,Q8_3_a,Q8_3_b,Q8_4_a,Q8_4_b,Q8_5_a,Q8_5_b,Q8_6_a,Q8_6_b,Q9,Q9_1_a,Q9_2_a,Q9_3_a,Q9_4_a,Q9_5_a,Q9_6_a,Q10,Q10_1_a,Q10_2_a,Q10_3_a,Q10_4_a,Q10_5_a,Q10_6_a,Q11,Q11_1_a,Q11_2_a,Q11_3_a,Q11_4_a,Q11_5_a,Q11_6_a,Q12,Q13,Q14_1,Q14_2,Q14_3,Q14_4,Q14_5,Q14_6,Q14_7,Q14_8,Q14_9,Q14_10,Q14_11,Q15,Q16,Q17,Q18,Q19,Q19_1
1,60cb792a3da4ef7dd226ec0f,,5,6,3,4,5,4,6,,4,3,5,5,2,6,3,,3,4,4,4,4,4,,4,1,6,1,4,1,1,2,4,1,6,1,,3,1,5,1,6,1,5,1,4,2,3,2,,6,1,4,1,3,1,6,1,6,1,6,1,,2,1,1,2,1,1,,1,1,1,1,2,2,,1,1,1,1,1,1,2,24,1,0,0,0,0,0,0,0,0,0,0,6,2,3,3,,3
1,60de4818f3b6f831f4892900,,5,6,4,5,5,3,5,,6,3,5,5,2,6,2,,4,4,3,3,6,6,,6,1,6,1,5,1,4,1,6,1,6,1,,2,2,6,1,6,1,5,1,5,1,6,1,,5,1,6,1,5,1,4,2,6,1,5,1,,1,1,1,2,1,1,,2,1,1,2,2,1,,2,1,2,2,1,1,2,23,1,0,0,0,0,0,0,0,0,0,0,5,2,3,9,,4
1,605680d036d922c10d4b3696,,4,6,6,5,5,4,5,,3,4,2,3,4,4,3,,4,2,4,2,3,4,,5,,3,,5,,2,,5,,6,,,3,,6,,6,,2,,4,,4,,,3,,2,,4,,5,,4,,3,,,2,1,1,2,1,1,,1,1,1,2,2,2,,2,2,1,1,1,2,2,25,1,0,0,0,0,0,0,0,0,0,0,3,1,2,3,,2
1,5e2ff7565cd6b4000b451ad0,,4,5,5,4,3,3,5,,3,2,3,4,2,4,2,,3,3,4,2,5,5,,5,1,3,1,4,1,2,1,4,1,3,1,,2,1,5,1,5,1,4,1,2,2,5,1,,4,1,4,1,4,1,3,1,3,1,3,1,,1,1,1,2,1,1,,1,1,2,2,2,1,,1,1,1,1,1,1,1,26,0,0,0,0,0,0,0,1,0,0,0,6,2,2,7,,3
1,5edbf27af31a180cda81c710,,4,5,4,5,5,5,6,,4,4,4,6,2,5,2,,2,2,5,2,4,6,,5,1,6,1,6,1,6,1,6,1,6,1,,1,2,6,1,5,1,5,1,5,1,6,1,,4,1,5,1,5,1,6,1,5,1,6,1,,1,1,1,1,1,1,,1,1,2,2,2,1,,2,2,2,1,1,1,2,32,1,0,0,0,0,0,0,0,0,0,0,5,2,4,9,,5
1,613a4fd8d13827a85e8f084c,,4,3,5,5,4,4,5,,3,3,4,4,4,4,4,,4,2,4,4,4,4,,4,1,4,1,4,1,4,1,4,1,4,1,,4,1,4,1,4,1,4,1,4,1,4,1,,4,1,4,1,4,1,4,1,4,1,3,1,,1,1,1,2,1,1,,1,1,1,1,1,1,,1,1,1,1,1,1,2,34,1,0,0,0,0,0,0,0,0,0,0,2,1,1,9,,6
1,5a1431b35d06850001b0081d,,4,4,3,3,5,5,6,,5,3,3,3,3,4,3,,5,3,4,3,3,4,,1,,1,,2,,6,,2,,1,,,1,,1,,2,,1,,2,,2,,,1,,1,,1,,1,,2,,1,,,2,2,2,1,2,2,,2,2,2,2,1,1,,1,2,2,2,2,2,2,45,0,1,0,0,0,0,0,0,0,0,0,3,1,2,9,,6
1,5f8ac37961bf52177f0ec44e,,4,5,4,5,5,3,4,,5,3,3,4,3,5,3,,3,3,5,3,4,5,,6,1,5,1,6,1,5,1,5,1,5,1,,1,2,5,1,5,1,5,1,6,1,6,1,,5,1,5,1,6,1,5,1,6,1,5,1,,2,1,1,2,1,1,,2,1,1,2,1,1,,2,1,1,1,1,2,1,38,1,0,0,0,0,0,0,0,0,0,0,3,2,2,9,,4
1,56b48befb2de2a000b322754,,5,6,3,4,5,3,6,,5,3,2,5,3,5,5,,4,4,5,4,5,5,,5,,5,,5,,6,,6,,4,,,1,,5,,4,,4,,5,,4,,,5,,4,,4,,,,6,,5,,,1,1,1,1,1,1,,1,1,2,1,1,,,1,1,1,1,1,1,2,55,1,0,0,0,0,0,0,0,0,0,0,6,1,3,9,,4
1,61366ed1f850d20b1e3c62bb,,3,4,4,5,4,4,6,,5,5,4,6,3,6,3,,5,4,6,4,5,5,,6,1,6,1,5,1,5,1,6,1,6,1,,2,2,4,1,5,1,5,1,4,1,4,1,,4,1,4,1,5,1,5,1,6,1,5,,,1,1,2,1,2,1,,2,1,1,2,1,2,,1,1,2,1,2,2,1,31,1,0,0,0,0,0,0,0,0,0,0,6,2,3,9,,5
1,6346ae82c4d289dc3dc370ae,,2,5,3,6,5,3,6,,5,4,5,6,2,6,2,,3,4,3,2,6,6,,5,1,6,1,6,1,2,2,6,1,6,1,,1,1,6,1,6,1,6,1,2,2,6,1,,6,1,6,1,6,1,6,1,6,1,6,1,,1,1,1,1,1,1,,1,1,1,2,2,2,,1,1,1,1,2,1,1,35,1,0,0,0,0,0,0,0,0,0,0,5,2,2,9,,2
1,5d5b9ced5944c6000104b1b5,,5,4,3,5,5,3,5,,3,2,3,5,2,4,2,,2,3,4,2,5,5,,3,1,6,1,6,1,4,1,6,1,6,1,,2,2,6,1,3,1,5,1,5,1,6,1,,5,1,4,1,5,1,4,1,5,1,5,1,,2,1,1,2,1,2,,2,1,2,2,2,1,,2,1,1,1,1,2,2,39,1,0,0,0,0,0,0,0,0,0,0,7,1,5,9,,3
1,5ec551d8c459fc4efebddd70,,4,5,2,5,5,4,5,,4,3,4,5,3,4,2,,3,3,4,2,5,5,,4,1,5,1,5,1,2,1,4,1,5,1,,1,2,6,1,6,1,5,1,6,1,6,1,,5,1,3,1,5,1,5,1,5,1,5,1,,2,1,1,2,1,1,,2,1,1,2,2,2,,2,2,2,1,1,1,1,33,1,0,0,0,0,0,0,0,0,0,0,5,1,5,9,,3
1,5953d852a65c420001e1a5b6,,4,4,5,3,5,4,5,,4,4,3,4,2,3,4,,2,2,5,5,4,5,,,2,,1,,1,,2,,2,,2,,,1,,1,,2,,2,,2,,2,,,1,,2,,2,,1,,1,,1,,2,1,1,1,1,1,,1,1,1,1,1,1,,2,2,1,1,1,1,2,59,1,0,0,0,0,0,0,0,0,0,0,2,1,3,9,,6
1,630791ee80b840591d4329e5,,4,6,4,4,5,3,6,,5,4,4,5,2,5,4,,3,4,4,4,5,5,,6,1,6,1,6,1,6,1,6,1,6,1,,1,2,6,1,6,1,5,1,6,1,5,1,,4,2,3,2,5,1,6,1,6,,6,1,,2,1,1,1,1,1,,2,1,1,1,2,2,,2,2,1,1,1,1,1,51,1,0,0,0,0,0,0,0,0,0,0,2,1,3,9,,3
1,62ecf9bfdac8441b46ddaaf6,,6,6,4,6,5,4,6,,5,3,6,6,2,5,2,,3,6,5,3,6,5,,6,1,4,1,6,1,5,1,6,1,6,1,,1,2,6,1,6,1,3,1,5,1,6,1,,3,1,4,1,5,1,2,1,5,1,5,1,,1,1,1,2,1,2,,2,1,1,2,2,2,,2,1,2,1,2,2,2,43,0,0,0,0,0,0,0,0,0,1,0,2,2,5,9,,5
1,631b453b7ce9fc1afd4cffbc,,3,5,2,4,5,3,5,,3,4,5,5,2,4,2,,4,2,5,2,5,4,,4,1,5,1,6,1,2,2,6,1,6,1,,1,2,5,1,4,1,6,1,4,1,3,1,,5,1,4,1,6,1,2,2,5,1,6,1,,1,1,1,1,1,1,,2,1,1,1,2,2,,2,2,1,1,1,1,1,33,1,0,0,0,0,0,0,0,0,0,0,3,2,6,9,,5
1,6059de1764f0ba6ded888c05,,5,6,1,6,5,4,6,,5,4,6,5,6,6,2,,4,4,2,1,6,6,,5,1,6,1,6,1,5,2,6,1,5,1,,1,2,6,1,5,1,6,1,5,2,6,1,,4,2,6,1,6,1,5,1,6,1,4,1,,2,1,1,1,1,1,,1,1,1,2,1,1,,1,2,1,1,1,1,2,24,1,1,0,0,0,0,0,0,0,0,0,6,2,1,9,,1
1,5f0325cf3ea8444cf6d890e6,,6,6,3,5,5,1,6,,5,1,6,6,1,6,2,,1,5,5,2,6,6,,6,1,6,1,6,1,4,1,6,1,6,1,,1,2,6,1,6,1,6,1,6,1,6,1,,5,1,6,1,6,1,6,1,6,1,6,1,,1,1,1,1,1,1,,2,1,1,2,1,1,,2,1,2,1,1,2,2,39,1,0,0,0,0,0,0,0,0,0,0,5,1,3,9,,2
1, 6320dc0361efa1ec418ec430,,5,6,5,4,4,5,4,,5,4,5,5,4,4,3,,5,5,6,4,5,5,,6,1,6,2,6,1,6,1,6,1,6,1,,1,2,6,1,6,1,5,1,5,1,4,1,,5,1,5,1,4,2,6,1,5,1,5,1,,1,1,1,1,1,2,,1,1,1,1,1,1,,1,2,2,1,2,1,1,29,0,0,1,0,0,0,0,0,0,0,0,6,2,3,9,,4
1,62b349e674cd88fd7a200048,,4,4,4,3,5,4,5,,5,3,6,6,3,5,3,,3,4,4,3,6,5,,4,1,6,1,6,1,2,2,6,1,6,1,,3,2,4,1,4,1,2,1,4,1,6,1,,5,1,4,1,6,1,4,1,6,1,4,1,,2,1,1,2,1,1,,2,2,1,2,2,1,,2,2,1,1,1,2,2,31,0,0,1,0,0,0,0,0,0,0,0,6,2,2,9,,6
1,5e559a66313b1a07fb9d6605,,6,4,3,3,6,5,3,,3,5,4,4,5,4,4,,5,2,4,4,4,4,,5,1,6,1,6,1,4,2,5,1,6,1,,1,2,5,1,4,1,4,2,6,1,5,1,,5,1,5,1,6,1,6,1,6,1,5,1,,1,1,1,2,1,1,,2,1,1,1,1,1,,2,1,1,1,1,2,2,42,1,0,0,0,0,0,0,0,0,0,0,6,1,6,2,,9
1,5b95259ac8cfeb0001445813,,4,5,4,2,5,4,5,,3,4,6,5,2,5,3,,2,1,5,3,6,5,,5,1,5,1,6,1,5,1,6,1,4,1,,1,2,5,1,5,1,3,1,5,1,6,1,,3,2,4,1,5,1,6,1,5,1,5,1,,2,1,2,2,1,1,,2,2,1,2,1,1,,2,1,1,2,1,2,2,22,1,0,0,0,0,0,0,0,0,0,0,5,2,2,9,,2
1,5d02a158c8a372001abf3b30,,4,6,6,5,6,3,5,,2,1,4,5,6,2,4,,2,3,4,5,5,6,,6,1,6,1,6,1,1,2,6,1,2,2,,2,2,6,1,5,1,2,2,5,1,5,1,,3,2,3,2,3,2,5,1,5,1,6,1,,2,1,1,2,1,1,,2,1,2,2,2,2,,2,2,2,1,1,1,2,57,1,0,0,0,0,0,0,0,0,0,0,5,2,1,9,,4
1,5c1aa6140050410001f1be88,,4,4,3,5,4,5,5,,4,4,5,5,4,4,4,,4,4,4,4,6,5,,4,1,6,1,6,1,6,1,6,1,6,1,,1,2,5,1,5,1,4,2,4,2,5,1,,3,2,3,2,5,1,1,2,5,1,4,1,,2,1,1,2,1,2,,2,1,2,2,2,2,,2,2,2,2,2,2,2,55,1,0,0,0,0,0,0,0,0,0,0,5,2,3,9,,6
1,5aeb4aff51a97200012bb5e7,,5,6,3,4,5,5,5,,3,5,4,4,5,6,2,,6,5,6,2,6,5,,6,1,6,1,6,1,3,1,6,1,6,1,,1,2,5,1,6,1,6,1,5,1,5,1,,4,1,5,1,6,1,3,2,6,1,6,1,,2,1,1,2,2,1,,2,2,1,2,2,2,,1,1,1,1,1,1,1,33,1,0,0,0,0,0,0,0,0,0,0,6,2,5,9,,3
1,5aa6fcaa1ade740001b9730b,,6,6,6,6,6,6,6,,5,4,3,5,1,4,4,,2,2,4,4,4,5,,6,1,6,1,6,1,1,2,5,1,6,1,,6,1,6,1,6,1,1,2,1,2,6,1,,6,1,6,1,6,1,6,1,6,1,6,1,,1,1,1,2,1,1,,1,1,1,1,1,1,,1,1,1,1,1,1,2,39,0,0,0,0,0,0,0,0,0,1,0,5,1,2,3,,5
1,5c99e6372fd6f10015547681,,2,5,3,5,5,3,4,,5,3,3,4,3,5,4,,3,4,2,4,5,4,,3,1,2,2,4,1,1,2,2,2,2,1,,1,2,3,1,5,1,2,2,3,1,3,1,,1,2,2,2,2,1,2,2,2,2,3,1,,1,1,1,1,1,1,,1,1,1,1,1,1,,1,1,1,1,1,1,1,54,1,0,0,0,0,0,0,0,0,0,0,4,1,2,1,,7
1,60f0937892bd49086d6e2a77,,6,5,4,5,6,2,6,,5,3,5,5,2,6,4,,2,4,5,5,5,5,,5,1,6,1,6,1,3,2,6,1,5,1,,1,2,6,1,6,1,6,1,6,1,5,1,,6,1,6,1,6,1,5,1,6,1,5,1,,1,1,1,2,1,1,,2,1,1,1,1,1,,1,1,1,1,1,1,1,27,1,0,0,0,0,0,0,0,0,0,0,6,2,5,9,,3
1,6041432b35b371016982aba7,,5,5,4,3,4,5,5,,4,5,5,5,3,4,3,,2,2,4,3,3,4,,5,1,5,1,5,1,4,1,5,1,5,1,,1,2,4,1,4,1,4,1,3,1,5,1,,4,1,5,1,4,1,3,1,5,1,4,1,,1,1,1,1,1,1,,1,1,2,1,1,1,,2,1,1,2,2,1,2,20,1,0,0,0,0,0,0,0,0,0,0,3,2,2,9,,6
1,5edcb44d9b29b400086aa550,,6,6,5,5,4,3,5,,3,3,5,5,2,4,4,,2,3,5,4,6,6,,5,,6,,6,,3,,4,,5,,,5,,6,,5,,5,,4,,4,,,5,,4,,5,,5,,6,,6,,,1,1,1,1,2,1,,2,1,1,1,1,1,,1,2,1,1,1,1,2,36,0,0,1,0,0,0,0,0,0,0,0,6,1,3,3,,2
1,598ae81a81ec2c0001619839,,6,6,2,3,6,3,6,,3,4,4,4,3,3,3,,3,2,3,1,6,4,,5,,6,,6,,6,,6,,6,,,1,,6,,6,,6,,4,,6,,,3,,6,,6,,6,,6,,6,,,2,1,1,1,1,1,,2,1,2,2,1,1,,2,1,2,1,1,1,5,47,1,0,0,0,0,0,0,0,0,0,0,5,1,3,9,,4
1,6017d79e2b36e5350d33be5d,,4,2,3,4,4,5,2,,3,3,2,3,3,3,2,,4,1,3,2,4,3,,6,1,5,1,6,1,2,2,6,1,3,1,,1,2,5,1,3,1,1,2,1,2,4,1,,4,1,4,1,4,1,1,1,2,1,2,1,,2,1,1,2,2,1,,2,2,1,2,2,2,,2,1,2,1,1,2,2,38,1,0,0,0,0,0,0,0,0,0,0,5,1,5,3,,6
1,5bdaf1f4be21ac0001411fd6,,3,5,5,4,5,3,5,,3,4,3,5,3,3,5,,3,2,5,5,5,5,,5,1,5,1,5,1,4,1,5,1,4,1,,1,2,5,1,4,1,5,1,5,1,4,1,,4,1,4,1,5,1,4,2,5,1,5,1,,2,1,1,1,1,1,,2,1,1,2,2,1,,2,1,2,1,1,1,2,52,1,0,0,0,0,0,0,0,0,0,0,5,1,5,9,,3
1,6318c62169ccd8cb89fb61fb,,5,4,5,5,5,5,5,,5,5,5,5,5,5,5,,4,5,2,4,4,4,,5,1,5,1,6,1,1,2,4,1,5,1,,1,2,5,1,5,1,5,1,5,1,5,1,,3,2,4,1,6,1,6,1,6,1,6,1,,2,1,1,2,2,2,,2,1,2,1,1,1,,2,2,2,1,1,1,1,30,0,0,1,0,0,0,0,0,0,0,0,3,2,2,9,,6
1,5f284c02621c3811c1484243,,6,6,2,3,5,4,5,,4,5,5,6,3,5,2,,3,2,6,2,5,6,,6,1,5,1,5,1,6,1,5,1,4,1,,1,1,6,1,5,1,4,1,3,1,5,1,,2,1,4,1,6,1,5,1,5,1,5,1,,2,1,2,1,2,1,,1,1,1,2,2,2,,2,1,2,1,1,1,2,24,0,0,1,0,0,0,0,0,0,0,0,6,2,3,9,,3
1,5f9e0b03428ebf3b96bbb035,,3,6,3,4,6,3,6,,4,2,4,4,1,4,1,,1,2,5,1,5,5,,4,1,5,1,1,1,3,1,5,1,5,1,,1,1,5,1,2,1,3,1,5,1,5,1,,2,1,4,1,2,1,4,1,5,1,5,,,2,1,1,1,2,1,,1,1,2,1,1,1,,2,1,2,1,1,1,2,34,1,0,0,0,0,0,0,0,0,0,0,3,1,2,9,,6
1,5c8d12309d2bff0019b4054a,,5,5,3,5,5,4,5,,3,2,5,3,2,4,3,,2,2,5,4,4,3,,4,1,4,1,3,1,6,1,4,1,5,1,,2,2,4,1,3,1,4,1,4,1,5,1,,3,1,3,1,3,1,1,2,4,1,4,,,1,1,1,1,1,1,,2,1,1,1,1,1,,1,1,1,1,1,1,2,42,1,0,0,0,0,0,0,0,0,0,0,5,1,5,9,,7
1,6071933c3c4ea940e3e2f175,,5,5,5,4,5,4,5,,5,4,5,6,3,6,3,,4,5,5,4,5,6,,6,1,6,1,6,1,5,1,6,1,6,1,,2,2,6,1,5,1,4,1,5,1,5,1,,3,2,4,1,5,1,5,1,5,1,5,1,,1,1,1,1,1,1,,2,1,1,1,1,1,,2,1,1,1,1,1,2,43,1,0,0,0,0,0,0,0,0,0,0,5,1,3,9,,4
1,631af9355e8c6e12bc0bab6d,,6,5,4,2,4,2,5,,6,3,4,5,2,6,5,,3,2,4,4,4,5,,6,1,5,1,6,1,5,1,6,1,6,1,,3,1,6,1,6,1,3,1,5,1,4,1,,3,1,3,1,4,1,5,1,5,1,6,1,,1,1,1,1,1,1,,2,1,1,1,2,1,,2,2,1,1,1,1,2,36,1,0,0,0,0,0,0,0,0,0,0,3,1,2,1,,3
1,5ee8dab8e8b6fe207f8df73e,,5,6,5,5,6,4,6,,5,2,5,5,3,6,4,,3,3,6,4,6,5,,6,1,6,1,6,1,5,1,6,1,6,1,,5,1,6,1,5,1,5,1,6,1,6,1,,5,1,6,1,6,1,6,1,5,1,6,1,,1,1,1,1,1,1,,1,1,1,1,1,1,,1,1,1,1,1,1,1,53,1,0,0,0,0,0,0,0,0,0,0,5,1,1,6,,2
1,6283a2f8ae71ea22c8741341,,4,6,4,6,6,6,6,,5,3,2,6,5,5,1,,5,4,1,1,6,6,,6,1,6,1,6,1,5,1,6,1,6,1,,1,2,6,1,4,1,4,1,4,1,5,1,,4,1,5,1,6,1,6,1,5,1,5,1,,2,1,1,2,1,1,,2,1,2,2,1,2,,2,1,1,1,1,1,2,47,0,0,1,0,0,0,0,0,0,0,0,5,2,4,9,,1
1,63233becf2c006304ff3f0f8,,6,6,2,3,4,3,5,,5,3,4,5,2,4,3,,3,3,5,3,5,5,,6,1,6,1,6,1,6,1,6,1,6,1,,1,2,6,1,6,1,4,2,4,1,6,1,,4,1,6,1,5,1,6,1,6,1,6,1,,2,1,1,2,1,1,,2,1,1,2,2,1,,2,1,1,1,1,2,5,21,1,0,0,0,0,0,0,0,0,0,0,5,2,1,9,,1
1,5c9905852b26210017a28b54,,6,6,4,4,5,5,4,,3,4,4,4,3,5,3,,3,2,3,2,3,3,,3,,5,,4,,5,,5,,6,,,,2,5,,5,,4,,5,,4,,,5,,5,,5,,5,,5,,5,,,2,2,2,2,2,2,,2,2,2,2,2,2,,2,2,2,1,2,2,2,31,1,0,0,0,0,0,0,0,0,0,0,3,1,4,9,,2
1,5f5101455eceb72b2e47ef13,,5,6,3,6,4,3,6,,5,2,5,6,1,6,3,,1,3,5,2,6,6,,6,1,6,1,6,1,3,2,4,1,6,1,,6,1,6,1,6,1,4,2,4,2,6,1,,5,1,4,1,5,1,5,1,6,1,5,1,,1,1,1,1,2,2,,1,1,2,2,2,2,,2,1,2,2,2,2,2,22,1,0,0,0,0,0,0,0,0,0,0,5,2,2,9,,1
1,62a8b9c79186ba05e7ceadb3,,5,6,6,5,4,3,5,,5,4,4,6,2,3,4,,1,1,2,3,4,5,,6,1,5,1,6,1,4,2,6,1,6,1,,3,2,5,1,5,1,5,1,6,1,4,1,,5,1,5,2,5,1,6,2,6,1,5,1,,1,1,1,1,1,1,,1,1,1,1,1,1,,1,1,1,1,1,1,2,24,0,1,0,0,0,0,0,0,0,0,0,5,2,4,3,,2
1,62fb7a077b0c0d3cbe7c1c5a,,4,4,6,3,6,3,6,,3,2,4,5,2,4,5,,2,4,5,5,5,5,,5,1,5,1,5,1,6,1,6,1,6,1,,1,2,5,1,5,1,4,1,5,1,6,1,,2,2,4,1,4,1,5,2,6,1,5,1,,2,1,1,2,2,1,,2,1,1,2,2,2,,2,1,2,2,1,2,1,49,1,0,0,0,0,0,0,0,0,0,0,5,1,2,3,,3
1,5a5897feeedc3200014271e1,,3,5,3,5,5,3,5,,4,3,4,5,3,4,4,,3,3,3,2,6,5,,6,1,6,1,6,1,6,1,6,1,6,1,,,,,,,,,,,,,,,4,1,5,1,5,1,4,1,6,1,5,1,,2,1,1,1,1,1,,2,1,1,2,1,1,,1,1,2,1,1,1,2,33,1,0,0,0,0,0,0,0,0,0,0,6,1,2,9,,3
1,5f0ced9d5a17786fb11b7f47,,4,4,4,3,4,2,4,,2,2,2,5,2,2,3,,2,2,4,3,3,4,,5,1,5,1,5,1,3,2,4,1,6,1,,4,2,6,1,5,1,3,2,4,1,4,1,,3,2,5,1,4,2,5,1,6,1,6,1,,2,1,1,2,2,1,,1,1,2,2,2,2,,1,1,2,1,1,2,2,55,1,0,0,0,0,0,0,0,0,0,0,2,1,2,1,,5
1,5df34f16dc853522937c6653,,2,5,4,3,5,3,5,,4,3,2,5,2,3,5,,2,2,2,4,5,5,,6,1,5,1,6,1,6,1,6,1,6,1,,1,2,5,1,5,1,2,1,4,1,4,1,,4,1,5,1,5,1,6,1,6,1,4,1,,1,1,1,1,1,1,,2,1,1,2,2,2,,2,2,2,1,1,1,2,31,1,0,0,0,0,0,0,0,0,0,0,5,1,3,9,,5
1,5ff45beefdb6e6b063b4c520,,4,4,3,5,5,4,4,,5,4,3,5,3,5,2,,5,4,5,4,4,5,,6,1,6,1,5,1,5,1,5,1,6,1,,2,2,5,1,5,1,5,1,5,1,4,1,,5,1,5,1,6,1,6,2,6,1,5,1,,1,1,1,2,2,2,,1,1,2,2,2,1,,1,1,1,2,1,1,1,35,1,0,0,0,0,0,0,0,0,0,0,4,1,2,9,,4
1,605bb9fc09fc4deb9b0a5f19,,5,4,5,4,5,3,5,,4,2,4,5,2,2,4,,2,3,3,3,5,6,,4,1,5,1,5,1,5,1,5,1,5,1,,5,1,5,1,5,1,5,1,5,1,5,1,,5,1,5,1,5,1,5,1,5,1,5,1,,2,1,1,1,1,1,,2,1,1,1,1,1,,2,2,1,1,1,1,2,21,0,0,0,0,0,0,0,0,1,0,0,3,2,1,7,,5
1,6130c8020154d654a21563c7,,5,5,4,2,4,4,5,,4,4,3,4,3,4,4,,3,3,4,3,3,5,,5,1,4,1,6,1,5,1,5,1,4,1,,3,1,4,1,4,1,4,1,5,1,5,1,,4,1,4,1,5,1,4,1,4,1,3,1,,1,1,1,1,1,1,,2,1,1,2,1,1,,1,1,2,1,1,1,2,26,0,0,0,0,0,0,1,0,0,0,0,5,2,3,8,,3
1,632c3c38b5c143718e869a30,,2,5,4,2,6,2,6,,6,3,5,6,2,6,2,,1,3,4,2,4,6,,6,1,6,1,6,1,5,1,6,1,5,1,,1,2,5,1,6,1,5,1,5,1,5,1,,5,1,5,1,6,1,5,1,6,1,5,1,,1,1,1,1,1,1,,2,1,1,2,1,1,,1,1,1,1,1,1,2,23,1,0,0,0,0,0,0,0,0,0,0,3,2,2,9,,3
,5ba8d11202ed500001dfd7c8,,4,6,2,3,4,2,6,,5,3,3,5,2,5,2,,3,4,3,2,5,5,,6,1,6,1,6,1,5,1,6,1,6,1,,1,2,6,1,6,1,6,1,3,2,5,1,,5,1,5,1,6,1,6,1,6,1,6,1,,2,1,2,1,1,1,,2,1,1,1,1,2,,1,1,1,1,1,1,1,37,1,0,0,0,0,0,0,0,0,0,0,6,2,4,9,,4
1,603a97184049ae6c4a3a98c2,,6,4,3,6,5,2,6,,4,1,4,5,1,4,4,,2,3,5,5,6,4,,6,1,6,1,6,1,5,1,6,1,6,1,,1,2,6,1,6,1,6,1,6,1,6,1,,6,1,6,1,6,1,6,1,6,1,6,1,,1,1,1,1,1,1,,2,1,1,1,1,1,,1,1,1,1,1,1,1,47,1,0,0,0,0,0,0,0,0,0,0,4,1,3,9,,6
1,5e779837e8230d2ffd8717b1,,4,5,6,5,4,4,6,,5,5,4,5,3,5,4,,4,4,5,4,5,5,,6,1,5,1,6,1,1,2,5,1,3,2,,1,2,6,1,6,1,4,1,2,2,4,1,,4,1,6,1,5,1,5,1,6,1,6,1,,1,1,1,2,2,2,,2,1,1,2,2,1,,2,1,2,1,1,1,2,27,1,0,0,0,0,0,0,0,0,0,0,5,1,4,9,,1
1,5e28af994576770678834ae0,,6,5,1,6,4,4,6,,3,3,5,3,2,5,1,,4,3,1,1,6,4,,5,1,6,1,6,1,4,1,5,1,6,1,,1,2,4,1,3,1,2,2,3,2,4,2,,4,1,4,1,5,1,2,2,5,1,4,1,,2,1,1,1,1,1,,2,2,2,2,2,2,,1,1,1,2,1,1,2,30,0,0,1,0,0,0,0,0,0,0,0,6,2,1,9,,2
1,5bfece626e6cd80001beb6c0,,5,5,5,5,5,4,6,,2,2,3,5,2,3,2,,3,3,4,2,4,5,,5,1,6,1,6,1,5,1,6,1,5,1,,1,2,5,1,4,1,4,2,5,1,5,1,,4,1,6,1,4,1,4,1,5,1,5,1,,2,1,1,1,2,1,,2,1,2,2,2,1,,2,1,2,1,1,1,2,45,1,0,0,0,0,0,0,0,0,0,0,7,1,3,9,,3
1,61508492b6a71de00c15c1b0,,6,5,6,4,6,5,5,,3,3,4,5,3,6,4,,4,3,4,4,5,5,,5,1,6,1,6,1,1,1,5,1,5,1,,4,1,4,1,6,1,6,1,5,1,6,1,,4,1,5,1,4,1,5,1,5,1,6,1,,2,1,1,2,2,1,,2,2,2,2,1,2,,2,1,1,2,1,1,1,44,0,0,0,0,0,0,1,0,0,0,0,5,1,4,8,,3
1,5ed9788e4ea9bd5183ca97e9,,5,6,5,5,4,5,6,,5,2,4,5,2,6,5,,3,4,3,5,6,5,,3,1,5,1,5,1,2,2,5,1,2,2,,2,2,6,1,3,1,2,2,2,2,4,2,,2,2,4,2,4,1,5,1,5,1,3,1,,2,1,1,2,1,1,,2,1,1,2,2,1,,2,1,2,1,1,2,2,41,1,0,0,0,0,0,0,0,0,0,0,6,1,5,1,,5
1,5f0658f0d27ca11c3c0bcc22,,2,5,4,6,5,3,6,,4,3,5,6,2,5,3,,3,3,4,3,5,6,,4,2,5,1,5,1,4,1,5,1,6,1,,4,2,5,1,5,1,5,1,3,2,5,1,,5,1,3,2,5,1,5,1,5,1,4,1,,2,1,1,1,1,1,,2,1,1,1,1,1,,1,1,1,1,1,1,2,46,1,0,0,0,0,0,0,0,0,0,0,3,1,2,9,,6
1,60fedf0d046ba83946b9a049,,5,5,1,5,3,2,6,,5,3,6,6,3,5,1,,3,1,4,1,6,6,,6,,6,,6,,6,,6,,5,,,1,,6,,6,,5,,6,,6,,,4,,5,,6,,5,,6,,6,,,1,1,1,1,1,1,,2,1,1,2,2,1,,2,1,1,1,1,2,2,23,1,0,0,0,0,0,0,0,0,0,0,6,2,2,9,,1
1,5f777d0b6ee66e2ce12f041d,,5,4,4,3,5,1,5,,2,1,1,5,1,1,2,,1,1,5,2,3,5,,5,1,6,1,6,1,1,2,5,1,6,1,,2,2,4,1,6,1,4,1,4,1,5,1,,4,1,6,1,3,1,6,1,6,1,5,1,,2,1,1,2,1,1,,2,1,2,2,2,2,,2,1,2,2,1,2,2,61,1,0,0,0,0,0,0,0,0,0,0,2,1,2,9,,6
1,5cdfa1be2c20f6001dc94e14,,6,5,6,5,6,3,6,,4,6,5,6,3,6,6,,3,1,5,5,6,6,,4,1,3,1,6,1,3,2,2,2,6,1,,3,2,4,1,1,2,1,2,1,2,3,1,,2,1,2,1,6,1,4,1,1,2,5,1,,2,1,1,1,2,1,,1,1,1,2,2,2,,2,1,2,1,2,1,2,25,1,0,0,0,0,0,0,0,0,0,0,5,2,2,9,,6
1,5cc0dd444b5d440001eb35c4,,4,5,4,3,4,5,6,,4,5,3,5,3,3,2,,4,3,4,2,4,5,,6,1,6,1,6,1,5,2,6,1,6,1,,1,2,5,1,5,1,5,2,6,1,6,1,,6,1,6,1,6,1,5,1,6,1,6,1,,2,1,1,2,1,1,,2,1,1,2,2,2,,1,2,2,1,1,2,2,52,1,0,0,0,0,0,0,0,0,0,0,6,1,6,9,,3
1,6346898ad78b054a344b36bb,,4,1,1,1,2,2,1,,2,1,2,5,4,3,3,,3,1,6,2,2,3,,1,1,1,1,1,1,1,2,3,1,3,1,,1,2,4,1,4,1,1,2,1,2,1,2,,1,2,3,2,1,2,1,2,1,2,1,2,,2,2,2,2,2,2,,2,2,2,2,2,2,,2,2,2,2,2,2,2,35,1,0,0,0,0,0,0,0,0,0,0,3,1,4,9,,8
1,5e861e3aad5d5a23ed166c23,,4,5,5,3,4,4,6,,3,4,3,5,2,4,3,,4,3,4,3,4,5,,5,1,6,1,6,1,2,2,5,2,6,1,,3,2,6,1,5,1,3,1,3,1,4,1,,1,2,3,1,4,2,4,2,5,2,4,1,,2,1,2,2,1,1,,1,1,2,2,2,2,,2,1,2,1,1,1,1,38,0,0,0,0,0,0,0,0,1,0,0,2,1,4,7,,5
1,57719c19b425c40001433b1f,,5,5,5,4,5,4,6,,4,2,3,5,1,4,4,,1,2,5,3,4,5,,6,1,6,1,6,1,3,1,6,1,6,1,,6,1,6,1,6,1,6,1,6,1,6,1,,4,1,5,1,4,1,2,1,4,1,4,1,,2,1,1,1,2,2,,2,1,1,2,2,2,,2,2,2,2,1,2,2,26,1,0,0,0,0,0,0,0,0,0,0,3,2,1,9,,6
1,5a5f9560ac56240001543637,,5,6,6,4,6,4,6,,3,2,6,6,2,4,5,,2,2,5,5,6,6,,1,2,5,1,2,2,5,1,2,1,5,1,,5,1,5,1,6,1,5,1,4,2,5,1,,5,1,6,1,5,1,6,1,6,1,5,1,,1,1,2,1,1,1,,1,1,1,1,2,1,,2,1,1,1,1,1,1,39,1,0,0,0,0,0,0,0,0,0,0,3,1,2,1,,6
1,5f2f119b1712a92f81859393,,6,4,3,6,4,2,4,,2,2,2,5,4,4,3,,5,2,4,3,4,5,,2,2,4,1,5,1,1,2,4,1,2,1,,1,2,3,1,3,1,2,2,2,2,2,1,,2,1,3,1,2,1,3,1,5,1,3,2,,2,1,1,2,2,1,,2,1,2,2,2,1,,2,1,2,2,1,1,2,37,1,0,0,0,0,0,0,0,0,0,0,3,1,3,9,,7
1,61167ac051d9dca3173af391,,5,5,6,5,5,5,6,,3,2,4,5,2,3,4,,1,2,5,5,4,5,,5,1,3,1,4,1,4,1,5,1,4,1,,2,2,4,1,5,1,5,1,5,1,5,1,,5,1,5,1,6,1,2,2,2,2,3,2,,1,1,1,1,1,1,,1,1,1,1,2,1,,1,1,1,1,1,1,1,52,0,0,0,0,0,0,0,1,0,0,0,6,1,2,7,,3
1,587e6f2e8e1ad5000142de8b,,5,5,5,4,6,2,5,,2,2,2,5,1,2,3,,2,1,6,3,6,5,,6,1,3,1,4,1,1,2,3,1,4,1,,3,2,5,1,5,1,3,2,2,2,5,1,,6,1,6,1,3,2,3,,,2,2,2,,1,1,1,2,1,1,,2,1,2,2,2,2,,2,1,2,2,2,2,2,38,1,0,0,0,0,0,0,0,0,0,0,5,1,1,9,,6
1,5da1eb441b927a00168d2a30,,5,6,5,6,4,6,4,,6,5,6,4,4,5,2,,4,4,3,2,6,4,,2,2,4,1,5,1,5,2,5,1,6,2,,2,2,2,2,6,1,4,1,5,1,4,1,,3,1,5,1,2,2,3,1,6,1,5,1,,2,1,1,1,1,1,,2,2,1,2,2,1,,1,1,2,1,2,1,1,37,0,0,1,0,0,0,0,0,0,0,0,4,1,4,9,,6
1,62e16099ec12fdc57a0cf63a,,6,6,6,5,4,4,4,,6,5,5,5,5,6,5,,4,4,4,4,4,4,,1,2,5,1,5,1,4,1,5,1,5,1,,1,2,5,1,4,1,5,1,1,2,1,2,,5,1,5,1,6,1,5,1,6,1,6,1,,2,1,1,2,1,1,,2,1,1,1,1,1,,1,1,1,1,1,1,2,28,1,0,0,0,0,0,0,0,0,0,0,5,2,3,9,,1
1,5a521328ac56240001535ff5,,5,6,6,3,6,5,6,,5,5,6,6,2,5,5,,2,2,5,5,6,6,,3,1,6,1,6,1,6,2,6,1,6,1,,2,2,5,1,2,2,5,1,2,2,3,2,,5,1,6,1,3,2,6,1,4,2,6,1,,2,1,1,2,1,1,,2,1,1,2,1,1,,1,1,2,1,1,2,2,48,1,0,0,0,0,0,0,0,0,0,0,3,1,4,9,,6
1,6021d8de8ef7c5269d370fe2,,5,5,4,4,5,5,6,,4,3,2,4,3,3,2,,2,2,2,4,4,4,,4,1,6,1,6,1,2,2,5,1,6,1,,5,1,5,1,6,1,4,2,5,1,6,1,,6,1,5,1,5,1,6,1,6,1,6,1,,2,1,1,2,2,1,,1,1,2,2,2,2,,2,2,1,1,1,1,2,41,0,0,0,0,0,0,0,0,0,0,1,5,1,2,7,,4
1,5d28a8f0f6cf22001ad0d94f,,3,5,2,4,6,4,6,,3,3,3,5,3,4,2,,3,3,4,1,4,5,,6,1,6,1,5,1,6,1,6,1,6,1,,2,2,6,1,5,1,6,1,5,1,6,1,,4,1,6,1,6,1,5,1,6,1,6,1,,1,1,1,2,1,1,,2,1,1,1,1,1,,2,1,1,1,1,1,2,35,1,0,0,0,0,0,0,0,0,0,0,6,1,4,9,,2
1,5c1041a209e7c20001f1f128,,3,4,1,5,4,4,5,,5,3,5,5,2,5,1,,4,5,3,1,5,4,,5,1,6,1,6,1,5,1,6,1,6,1,,1,1,5,1,4,1,5,1,4,1,6,1,,4,1,5,1,6,1,3,1,4,1,5,1,,2,1,1,1,1,1,,2,1,1,1,2,2,,1,2,1,1,1,2,1,35,1,0,0,0,0,0,0,1,0,0,0,5,2,2,9,,1
1,5c5fe0c18e931700011f9f55,,4,5,1,4,5,3,6,,2,1,5,5,2,3,4,,2,3,2,3,6,5,,6,1,5,1,6,1,1,2,6,1,6,1,,3,2,6,1,5,1,4,2,5,2,6,1,,5,1,6,1,6,1,6,2,6,1,6,1,,2,2,1,2,1,1,,2,1,2,2,2,1,,1,1,1,1,1,1,2,39,1,0,0,0,0,0,0,0,0,0,0,4,1,3,1,,3
1,6136080c92a42c210c321d68,,5,5,5,5,5,4,5,,5,3,4,4,2,5,4,,2,3,5,3,5,5,,4,1,6,1,5,1,6,1,5,1,6,1,,4,1,5,1,5,1,5,1,6,1,6,1,,5,1,5,1,5,1,6,1,5,1,6,1,,2,1,1,1,1,1,,1,1,1,2,2,2,,2,1,1,1,1,1,2,32,1,0,0,0,0,0,0,0,0,0,0,5,2,3,9,,4
1,60d0d5e930dc4a90889b2321,,4,6,4,3,5,3,4,,6,3,4,5,2,4,3,,6,4,5,2,4,4,,4,1,4,1,5,1,4,1,6,1,6,1,,5,2,3,1,6,1,3,2,5,1,6,1,,5,1,5,1,5,1,5,1,4,1,4,1,,1,2,1,1,1,2,,1,1,1,1,1,2,,2,1,2,2,1,1,1,34,1,0,0,0,0,0,0,0,0,0,0,4,2,1,9,,7
1,5f3d455fc5a9c209cb8b94b4,,3,4,2,3,3,3,3,,3,3,3,3,3,3,3,,2,2,3,2,3,3,,5,1,6,1,5,1,6,1,5,1,6,1,,2,2,6,1,6,1,6,1,6,1,6,1,,6,1,6,1,6,1,6,1,6,1,6,1,,1,1,1,1,1,1,,1,1,1,1,1,1,,1,1,1,1,1,1,1,19,0,0,0,0,0,0,0,0,1,0,0,3,2,1,9,,5
1,5c2fd16fda51990001e49de9,,4,4,2,4,3,4,5,,4,2,3,3,2,3,3,,2,2,4,2,4,3,,6,1,6,1,5,1,4,2,6,1,6,1,,3,1,6,1,6,1,4,2,4,2,6,1,,6,1,5,1,4,1,4,2,6,1,6,1,,2,1,1,2,1,1,,1,1,1,2,2,1,,1,1,2,2,1,1,2,45,1,0,0,0,0,0,0,0,0,0,0,5,1,3,9,,4
1,5da1efa20b299d0017df1c0b,,4,5,2,4,4,2,6,,2,1,4,6,1,3,2,,1,2,3,2,6,6,,6,1,6,1,6,1,6,1,6,1,6,1,,6,1,6,1,6,1,6,1,6,1,6,1,,5,1,6,1,6,1,6,1,6,1,6,1,,2,1,1,2,1,1,,2,1,2,1,1,1,,2,1,2,1,1,2,1,62,1,0,0,0,0,0,0,0,0,0,0,4,1,3,9,,3
1,57e825b9a4e40600014ea590,,3,4,5,4,5,4,4,,4,3,4,4,3,4,3,,3,2,3,2,2,3,,5,2,5,1,4,,6,,5,,5,,,5,,,1,6,,5,,5,1,5,,,5,2,6,,6,,5,,5,,6,1,,2,1,1,1,1,2,,2,1,1,1,2,1,,1,1,2,1,1,1,1,57,1,0,0,0,0,0,0,0,0,0,0,1,1,1,9,,6
1,5aa69552f053610001726fd2,,4,5,1,4,6,4,6,,4,4,3,5,3,5,4,,4,4,3,2,6,5,,3,1,6,1,5,1,6,1,6,1,6,1,,2,1,4,1,3,1,5,1,6,1,6,1,,5,1,6,1,6,1,5,1,6,1,5,1,,1,1,1,1,1,1,,1,1,1,1,1,1,,1,1,1,1,1,1,1,31,1,0,0,0,0,0,0,0,0,0,0,3,1,2,4,,5
1,5e81aba4b01c3588ef5e5530,,5,6,6,4,5,5,6,,4,6,5,5,5,6,1,,6,5,2,2,5,6,,5,1,5,1,6,1,5,1,6,1,6,1,,1,2,5,1,5,1,6,1,6,2,6,1,,5,1,6,1,6,1,4,1,6,1,6,1,,2,1,1,2,1,1,,2,1,2,2,2,2,,1,1,2,1,1,1,2,25,1,0,0,0,0,0,0,0,0,0,0,7,2,3,9,,4
1,595b93cde11c9d0001522564,,4,4,2,5,5,5,6,,4,2,5,6,4,5,3,,4,4,2,2,5,6,,4,1,5,1,5,1,2,2,4,1,6,1,,4,2,5,1,3,1,2,2,4,2,6,1,,6,1,5,1,6,1,6,1,6,1,6,1,,1,1,1,1,1,1,,2,1,1,1,1,1,,1,1,1,1,1,1,1,43,1,0,0,0,0,0,0,0,0,0,0,2,1,1,9,,4
1,5807b8dac7b1100001138e89,,6,5,6,4,6,6,6,,6,5,5,5,2,6,3,,3,3,5,5,5,5,,1,2,4,1,4,1,2,1,6,1,6,1,,1,1,1,1,2,1,2,1,3,1,3,2,,1,1,4,1,2,1,3,1,4,1,1,2,,2,1,1,2,1,1,,1,1,1,1,1,1,,1,1,1,1,1,1,1,37,1,0,0,0,0,0,0,0,0,0,0,3,1,3,9,,6
1,5f02ca7d869ce215033289be,,6,5,5,4,6,4,5,,4,3,3,5,2,2,4,,3,2,5,5,4,5,,4,1,6,1,6,1,3,1,5,1,6,1,,2,2,6,1,6,1,5,1,5,1,5,1,,4,1,4,1,4,1,6,1,6,1,6,1,,1,1,1,1,1,1,,1,1,1,1,1,1,,1,1,1,1,1,1,2,50,1,0,0,0,0,0,0,0,0,0,0,6,1,5,9,,6
1,616f55a4f5b3ea2cc16bbffd,,5,6,4,5,5,5,6,,4,3,5,5,3,5,3,,3,5,4,3,5,6,,6,1,6,1,6,1,4,1,4,1,6,1,,2,2,6,1,6,1,1,2,4,1,3,1,,5,1,5,1,4,1,3,1,4,1,5,1,,2,2,1,2,2,2,,1,1,1,2,2,2,,2,2,2,1,1,1,1,22,1,0,0,0,0,0,0,0,0,0,0,5,2,3,9,,6
1,6152c5cd4bbadde55f50c1fa,,6,3,5,2,5,2,3,,3,3,3,4,2,3,4,,2,1,6,5,4,4,,2,2,5,1,5,1,1,2,4,2,6,1,,5,2,6,1,4,1,3,2,2,2,6,1,,6,2,5,1,4,2,5,2,6,1,6,1,,2,1,1,2,1,1,,2,1,2,2,2,1,,1,1,1,2,1,2,2,54,1,0,0,0,0,0,0,0,0,0,0,5,1,3,3,,6
1,5f0cb319d29147695796a208,,5,5,4,4,3,2,4,,2,3,5,5,5,4,4,,2,3,5,5,6,6,,5,,5,,5,,6,,6,,6,,,5,,5,,6,,5,,5,,5,,,5,,6,,5,,5,,5,,5,,,1,1,1,1,1,1,,1,1,1,1,1,1,,1,1,1,1,1,1,1,38,0,0,1,0,0,0,0,0,0,0,0,6,1,3,3,,3
1,63653e972fab0a2ff98d9824,,4,4,4,4,5,2,6,,6,2,4,5,2,6,1,,2,3,5,1,6,5,,6,1,6,1,6,1,6,1,6,1,6,1,,1,2,6,1,6,1,6,1,6,1,6,1,,3,1,6,1,6,1,6,2,6,1,6,1,,1,1,1,1,1,1,,2,1,1,1,1,1,,2,1,1,1,1,1,1,24,0,0,1,0,0,0,0,0,0,0,0,3,2,2,9,,3
1,5f06eba825a90f257fcb9bfe,,5,4,2,3,3,2,5,,2,2,3,5,3,3,4,,2,2,4,2,6,5,,6,1,6,1,6,1,2,2,6,1,6,1,,1,2,6,1,4,1,4,1,5,2,6,1,,5,1,3,2,4,1,5,2,6,1,6,1,,2,1,2,2,1,1,,2,1,2,2,2,2,,2,2,2,1,1,1,1,32,1,0,0,0,0,0,0,0,0,0,0,5,1,3,9,,2
1,5aeb5aba7ed5460001572dad,,6,4,4,2,6,3,5,,5,2,3,5,2,4,4,,1,3,5,4,3,5,,4,1,6,1,6,1,3,2,6,1,5,1,,3,2,6,1,5,1,4,2,3,2,5,1,,4,2,5,1,5,1,6,1,6,1,6,1,,2,1,2,2,1,1,,2,1,1,2,2,2,,2,1,2,1,1,1,2,28,1,0,0,0,0,0,0,0,0,0,0,5,1,3,9,,6
1,5ea03f468b35e20642b22a6d,,4,5,2,5,5,3,5,,4,2,4,4,4,5,3,,4,3,4,3,5,5,,3,1,5,1,5,1,2,2,5,1,2,2,,2,2,6,1,6,1,3,1,5,1,5,1,,6,1,6,1,5,1,1,2,2,2,5,1,,2,1,1,2,1,1,,2,1,1,2,2,1,,1,2,1,2,1,1,2,25,0,0,0,0,0,0,0,0,0,1,0,5,2,2,9,,3
1,5a209a6d772bc40001ba087a,,2,4,4,4,4,4,4,,4,3,3,4,3,4,4,,4,3,4,4,3,3,,2,1,5,1,5,1,1,1,4,1,6,1,,1,2,6,1,4,1,3,1,3,1,4,1,,4,1,4,1,4,1,5,1,5,1,5,1,,1,1,1,1,1,1,,2,1,1,1,1,1,,1,1,1,1,1,1,2,32,1,0,0,0,0,0,0,0,0,0,0,4,1,3,2,,6
1,5f9160442946fa044a722175,,4,6,6,4,6,4,6,,4,3,4,5,2,4,4,,3,3,5,4,6,6,,3,1,4,1,6,1,4,1,6,1,4,1,,5,1,5,1,5,1,6,1,6,1,6,1,,5,1,6,1,6,1,6,1,6,1,6,1,,1,1,1,2,1,1,,1,1,1,1,1,1,,1,1,1,1,1,1,2,46,1,0,0,0,0,0,0,0,0,0,0,6,1,6,1,,6
1,5d3bfbebfd9694001a2d0f99,,5,4,3,4,5,6,5,,3,5,5,4,3,3,3,,5,4,5,3,6,4,,4,1,5,1,4,1,5,1,4,1,6,1,,1,2,5,1,6,1,5,1,6,1,6,1,,4,1,3,1,4,1,3,1,4,1,6,1,,2,1,1,1,1,1,,2,1,1,2,1,1,,2,1,2,1,1,1,1,35,1,0,0,0,0,0,0,0,0,0,0,5,1,3,9,,4
1,60e6db41959fd9766e585403,,3,4,3,3,3,3,4,,3,3,3,3,3,3,3,,2,2,4,3,4,3,,3,1,5,1,3,1,2,1,3,1,6,1,,3,1,3,1,4,1,3,1,3,1,3,1,,4,1,3,1,4,1,4,1,3,1,3,1,,2,1,2,2,2,1,,2,2,2,2,2,2,,2,2,2,2,1,2,2,20,1,0,0,0,0,0,0,0,0,0,0,3,2,1,9,,6
1,57147f7a8adadb00098dea62,,6,6,4,4,5,1,6,,1,1,3,5,1,3,3,,3,1,4,3,5,5,,6,1,4,1,6,1,5,1,5,1,3,1,,1,2,6,1,6,1,3,2,4,2,4,1,,2,2,5,1,3,1,3,2,3,2,2,2,,2,1,1,2,2,1,,2,1,1,2,2,2,,2,1,2,1,1,2,2,52,1,0,0,0,0,0,0,0,0,0,0,3,1,3,9,,5
1,609e78ca78dfdfbdfad792d2,,3,5,5,4,5,2,5,,4,2,3,5,1,4,2,,1,2,4,2,5,4,,5,1,5,1,5,1,3,2,4,1,3,1,,1,2,5,1,5,1,4,1,6,1,4,1,,3,1,4,1,5,1,2,2,5,1,2,1,,1,1,1,2,1,1,,2,1,2,2,1,1,,2,1,1,1,1,1,2,31,1,0,0,0,0,0,0,0,0,0,0,5,2,6,9,,5
1,5e0f47e2de8da665eb0001b1,,3,5,4,5,5,3,6,,6,1,5,5,1,6,3,,2,3,4,4,6,6,,6,1,6,1,4,1,4,1,6,1,6,1,,3,2,6,1,6,1,5,1,6,1,6,1,,5,1,6,1,6,1,5,2,6,1,5,2,,2,1,2,1,1,1,,2,1,1,2,2,2,,2,1,2,2,1,2,2,29,1,0,0,0,0,0,0,0,0,0,0,4,2,3,9,,6
1,5af344dfdf9933000161f47a,,5,5,6,4,5,3,5,,4,2,4,5,2,3,5,,2,3,5,5,5,5,,6,1,6,1,6,1,3,2,6,1,6,1,,3,2,6,1,6,1,6,1,4,2,5,1,,4,2,5,1,5,1,6,1,6,1,6,1,,2,1,1,2,1,1,,2,1,1,1,2,1,,2,1,1,1,1,1,1,51,0,0,1,0,0,0,0,0,0,0,0,3,1,5,9,,8
1,62a0b26aea67b76bd50c8ea5,,3,4,3,5,6,4,4,,4,3,2,6,3,4,4,,3,1,5,3,4,6,,6,1,6,1,6,1,6,1,5,1,6,1,,1,2,6,1,6,1,5,1,6,1,6,1,,5,1,4,1,5,1,4,1,4,1,5,1,,1,1,1,2,2,1,,2,2,1,1,1,1,,2,2,1,1,1,1,5,32,1,0,0,0,0,0,0,0,0,0,0,4,2,2,9,,3
1,5e0d01a8f9e7504a4e9a2018,,2,5,3,4,6,3,4,,4,2,2,4,4,4,3,,4,3,2,3,2,5,,5,1,5,1,5,1,2,2,5,1,6,1,,1,2,2,2,4,1,2,2,4,1,5,1,,4,1,5,1,3,1,5,2,3,2,5,2,,1,1,1,2,1,1,,2,1,2,2,1,1,,2,1,1,1,1,1,2,38,1,0,0,0,0,0,0,0,0,0,0,2,1,4,9,,9
1,5f9ad26a28b3c923a3e73c7b,,5,5,4,5,6,3,6,,5,3,5,6,4,6,3,,4,4,4,3,6,6,,6,1,5,1,5,1,5,1,6,1,6,1,,1,2,6,1,6,1,5,1,5,1,6,1,,3,2,5,1,6,1,5,1,6,1,6,1,,1,1,1,1,1,1,,2,1,1,2,1,1,,2,1,1,1,1,1,2,50,1,0,0,0,0,0,0,0,0,0,0,4,2,2,9,,2
1,60fd3f4a362b98fba94ed072,,4,6,5,6,5,5,6,,5,5,6,6,2,6,2,,5,4,5,4,6,6,,5,,6,,6,,6,,6,,6,,,1,,6,,6,,5,,4,,6,,,5,,6,,5,,2,,5,,3,,,1,2,2,1,1,2,,1,1,1,1,1,1,,2,1,1,1,1,1,2,19,0,0,0,0,0,0,0,0,0,1,0,3,2,1,4,,2
1,5ec4f85dccf4bb406786673d,,3,6,5,6,6,2,6,,4,3,4,6,1,5,2,,2,3,3,1,5,6,,6,1,6,1,6,1,3,2,6,1,6,1,,1,2,6,1,6,1,4,1,5,1,6,1,,5,1,6,1,4,1,5,1,6,1,6,1,,2,1,1,1,1,1,,2,1,1,2,2,1,,2,1,1,1,1,1,1,27,0,0,1,0,0,0,0,0,0,0,0,2,2,3,9,,6
1,61698a8779cd6c1922b2a204,,5,6,5,5,6,5,6,,5,4,5,6,2,6,4,,3,4,2,4,6,6,,5,1,6,1,6,1,1,2,6,1,6,1,,1,2,5,1,4,2,5,1,6,1,4,1,,4,2,3,1,4,1,3,1,4,2,6,1,,2,1,1,2,1,1,,2,1,2,2,2,2,,2,1,1,2,1,1,2,52,0,0,1,0,0,0,0,0,0,0,0,2,1,1,3,,4
1,615751428f5b982adf71384e,,6,6,3,2,5,3,6,,5,5,3,6,2,6,4,,3,3,4,3,5,6,,5,1,6,1,6,1,2,2,4,1,2,2,,1,2,4,1,4,1,4,2,3,2,4,2,,4,1,4,1,4,2,2,2,3,1,3,1,,1,1,1,2,1,1,,2,1,2,2,2,2,,2,1,2,1,2,2,1,32,1,0,0,0,0,0,0,0,0,0,0,3,1,4,9,,5
1,631609c541905b75bd84f002,,4,4,4,5,5,5,6,,4,2,6,5,4,5,3,,5,4,3,4,6,5,,4,1,5,1,5,1,4,2,5,1,4,1,,1,2,4,1,5,1,3,2,3,2,3,2,,4,1,4,1,5,1,4,1,5,1,5,1,,2,1,1,2,1,1,,2,1,1,2,2,2,,2,1,1,1,1,1,2,36,1,0,0,0,0,0,0,0,0,0,0,5,1,4,9,,9
1,5e852ca6fdad8f11511558a1,,5,6,6,6,6,5,6,,5,4,6,4,2,5,5,,3,2,6,4,6,4,,6,1,6,1,6,1,4,2,5,2,5,2,,6,2,6,1,6,1,6,1,5,2,6,1,,5,2,5,2,5,2,6,2,6,2,6,1,,2,1,1,2,2,1,,2,1,1,2,2,2,,2,2,1,1,1,1,2,36,0,0,1,0,0,0,0,0,0,0,0,4,2,3,1,,2
1,5dc9cbe8be3c0f6f54f8be65,,4,4,2,3,5,4,5,,3,3,2,4,2,3,4,,2,3,3,3,5,5,,2,,2,,3,,3,,4,,4,,,1,,2,,2,,1,,2,,3,,,2,,2,,2,,3,,3,,2,,,2,1,1,2,1,1,,1,1,2,2,1,1,,2,1,2,1,2,2,2,44,1,0,0,0,0,0,0,0,0,0,0,5,1,4,9,,5
1,5a3418040006450001bf0e20,,2,5,1,6,2,1,6,,5,1,5,6,1,6,1,,1,4,1,1,6,6,,6,1,6,1,6,1,6,1,6,1,6,1,,4,2,6,1,6,1,6,1,6,1,6,1,,3,1,5,1,6,1,2,2,5,1,6,1,,1,1,1,1,1,1,,2,1,1,1,1,1,,2,2,1,2,1,1,2,42,0,0,1,0,0,0,0,0,0,0,0,5,2,2,9,,1
1,5b8a709614e8c6000104eafa,,5,6,4,5,4,4,5,,5,2,3,4,1,5,2,,3,2,2,2,5,4,,5,1,5,1,6,1,5,1,6,1,5,1,,2,2,5,1,5,1,5,1,3,2,5,1,,5,1,5,1,5,1,5,1,5,1,5,1,,1,1,1,1,1,1,,2,1,1,1,1,1,,1,1,1,1,1,1,1,51,1,0,0,0,0,0,0,0,0,0,0,5,2,1,9,,1
1,5a9ea9fe1ade740001b92063,,6,4,3,5,5,4,3,,5,4,3,5,3,4,4,,3,2,5,5,5,5,,5,1,6,1,6,1,5,1,6,1,6,1,,5,1,5,1,4,1,5,1,4,1,4,1,,4,1,4,1,5,1,5,1,5,1,5,,,2,1,1,2,1,1,,1,2,2,2,2,2,,2,1,1,1,1,1,2,48,1,0,0,0,0,0,0,0,0,0,0,5,1,4,2,,6
1,5d53a50c7c361100012cd0e7,,5,5,5,5,4,4,5,,4,3,3,4,2,4,4,,1,1,5,4,4,5,,4,2,6,1,6,1,3,2,3,2,5,1,,2,2,5,1,5,1,4,2,3,2,4,1,,5,1,5,1,4,2,5,1,4,1,3,2,,1,1,1,2,2,1,,2,1,1,1,2,1,,1,1,1,1,1,1,1,44,1,0,0,0,0,0,0,0,0,0,0,3,2,2,9,,4
1,62ed040473cc253bdb75b3bf,,4,4,5,5,5,4,4,,4,3,4,4,3,5,4,,3,4,3,4,5,5,,3,1,3,1,2,2,2,2,3,1,3,1,,1,2,4,1,2,2,3,2,3,2,4,1,,2,2,3,1,2,1,3,1,2,1,2,1,,2,1,1,1,1,1,,2,1,2,1,1,1,,1,1,1,1,1,1,1,46,1,0,0,0,0,0,0,0,0,0,0,6,1,4,2,,7
1,5fc74458251f3e227721687f,,5,5,4,5,4,4,5,,4,4,4,5,2,4,3,,2,3,6,3,5,6,,3,1,5,1,5,1,1,2,4,1,4,1,,1,2,4,1,4,1,3,1,2,2,5,1,,3,2,5,1,4,2,2,2,2,2,2,2,,1,1,1,2,1,2,,2,1,1,2,2,2,,2,2,2,2,1,2,2,27,1,0,0,0,0,0,0,0,0,0,0,4,2,4,9,,4
1,62b4403257f7d42730f83394,,6,6,6,5,6,4,6,,4,4,3,5,2,3,5,,3,4,5,5,6,5,,4,1,,,6,1,5,1,4,1,6,1,,2,2,4,1,5,1,3,2,4,2,5,1,,3,2,5,1,2,2,5,1,4,1,5,1,,1,1,1,2,1,1,,2,1,1,2,1,1,,2,1,2,1,1,1,1,38,0,0,0,0,0,0,0,0,0,1,0,3,2,4,9,,5
1,5e652009b1074229c1815729,,3,6,3,6,5,3,6,,5,2,5,4,1,5,3,,2,5,2,3,6,4,,6,1,5,1,6,1,5,1,6,1,6,1,,1,2,6,1,5,1,4,1,5,1,6,1,,4,2,5,1,5,1,6,1,6,1,5,1,,2,1,1,1,1,1,,2,1,2,2,2,1,,2,1,2,1,1,2,2,58,1,0,0,0,0,0,0,0,0,0,0,2,2,2,9,,3
1,60dd7657f527b1ce0743259f,,2,4,3,2,4,5,6,,5,5,5,6,1,5,3,,1,5,2,3,4,6,,3,1,6,1,6,1,2,2,6,1,6,1,,2,2,6,1,5,1,4,1,5,1,6,1,,6,1,6,1,4,2,3,2,4,1,5,1,,2,1,1,1,1,1,,2,2,1,2,1,1,,1,1,1,1,1,1,2,33,0,0,0,0,0,0,1,0,0,0,0,5,2,6,8,,2
1,6318aed60b7ae5e0c899d3ee,,2,6,5,4,4,1,6,,4,1,3,6,2,5,2,,2,2,5,4,6,6,,6,1,6,1,6,1,5,1,6,1,5,1,,1,2,5,1,3,1,5,1,1,2,5,1,,4,1,5,1,4,1,5,1,6,1,4,1,,2,1,1,1,1,1,,2,1,2,2,2,1,,2,1,1,1,1,1,1,51,1,0,0,0,0,0,0,0,0,0,0,5,2,4,9,,3
1,60a546b01830edd7fea03131,,5,5,3,4,4,2,6,,4,1,4,4,2,4,4,,2,4,3,4,4,4,,6,1,5,1,4,1,2,2,4,1,6,1,,2,2,6,1,4,1,4,1,3,2,2,2,,4,1,3,1,3,1,3,1,3,2,4,1,,1,1,1,2,2,1,,2,1,1,2,2,2,,2,2,2,2,2,1,2,49,1,0,0,0,0,0,0,0,0,0,0,2,1,1,2,,5
1,5751e9f9eb80c4000741a65d,,2,4,2,4,4,2,6,,4,1,5,4,2,4,2,,1,4,4,3,6,4,,6,,6,,6,,3,,6,,6,,,,2,6,,6,,5,,6,,6,,,4,,5,,6,,6,,6,,6,,,1,1,1,1,1,1,,2,1,1,1,1,1,,1,1,1,1,1,1,5,36,1,0,0,0,0,0,0,0,0,0,0,2,2,1,9,,2
1,5db09b3a9611830016dd495b,,6,6,2,6,6,3,6,,5,1,4,6,1,6,1,,2,2,2,1,6,6,,6,1,6,1,6,1,5,1,5,1,6,1,,1,2,6,1,6,1,4,1,6,1,6,1,,3,1,6,1,5,1,3,1,6,1,6,1,,2,1,1,2,1,1,,2,2,1,2,2,1,,1,1,2,1,1,2,5,35,1,0,0,0,0,0,0,0,0,0,0,2,2,2,9,,1
1,62ea8339a4dda94a52915422,,5,5,5,6,5,5,4,,4,5,4,6,2,5,5,,5,3,5,5,5,6,,4,1,5,1,5,1,3,2,3,2,3,2,,2,2,3,2,4,1,5,1,5,1,5,1,,3,1,5,1,4,1,3,2,3,2,5,1,,1,1,1,2,2,1,,1,1,1,1,2,1,,1,1,1,1,2,2,2,27,1,0,0,0,0,0,0,0,0,0,0,5,1,4,9,,6
1,6290d31f19515090b1e92b5e,,6,6,4,5,6,6,6,,3,5,4,6,6,5,5,,6,5,3,4,5,6,,5,1,6,1,6,1,4,1,5,1,6,1,,2,1,6,1,6,1,3,1,4,2,5,1,,4,1,5,1,6,1,5,1,6,1,6,1,,2,1,1,2,2,1,,2,1,1,2,2,1,,2,1,1,1,1,1,1,26,1,0,0,0,0,0,0,0,0,0,0,3,2,1,9,,2
1,62fb7948bd13412865275d1e,,4,4,2,4,5,2,6,,6,3,3,6,3,6,2,,4,3,3,3,6,6,,6,1,1,1,6,1,2,1,6,1,1,1,,1,2,1,2,1,2,1,1,1,2,2,1,,1,1,2,1,1,2,1,2,1,1,3,1,,2,1,1,2,1,1,,2,1,2,2,2,1,,2,1,1,2,1,1,1,52,1,0,0,0,0,0,0,0,0,0,0,3,1,3,9,,3
1,5e650fec316ae12828fbf5dd,,4,3,3,4,4,3,4,,5,3,4,4,4,4,3,,2,4,4,4,4,3,,6,1,6,1,6,1,4,1,6,1,6,1,,1,2,3,1,5,1,5,1,6,1,6,1,,5,1,5,1,5,1,5,1,6,1,6,1,,1,1,1,2,1,1,,2,2,1,1,1,1,,2,2,2,2,1,1,1,28,1,0,0,0,0,0,0,0,0,0,0,2,2,5,9,,6
1,5ec300b3f3df631383fb27e0,,3,5,5,6,5,6,6,,5,6,5,4,4,6,3,,5,5,5,4,4,5,,2,2,5,2,5,2,2,2,5,2,6,2,,6,2,5,2,4,2,3,2,1,2,3,2,,5,2,3,2,4,2,5,2,4,2,5,2,,2,1,1,2,1,1,,1,1,2,2,2,1,,2,2,2,1,1,1,1,21,0,0,1,0,0,0,0,0,0,0,0,3,1,3,2,,6
1,5f5f9abee1b79f0164c7ebad,,3,4,2,4,6,4,6,,4,3,3,5,3,5,2,,2,1,3,1,5,3,,5,1,4,1,4,1,6,1,3,1,3,1,,4,1,2,1,3,1,2,1,4,1,5,1,,3,1,5,1,3,1,2,1,2,1,4,1,,1,1,1,1,1,1,,2,1,2,2,2,1,,2,1,2,1,1,2,2,30,0,0,1,0,0,0,0,0,0,0,0,3,2,1,9,,3
1,5aa462af873cda00010d5b51,,6,6,6,6,6,6,6,,4,5,5,6,3,6,4,,3,3,4,4,6,6,,4,,5,,5,,3,,5,,4,,,5,1,4,1,4,1,3,2,3,1,4,1,,3,2,4,1,3,2,1,2,4,1,4,1,,2,1,1,2,1,2,,1,1,1,2,2,1,,1,1,1,2,2,1,2,37,1,0,0,0,0,0,0,0,0,0,0,6,1,2,3,,7
1,6147475c5732d9ec37ac208a,,3,5,4,6,4,4,5,,4,4,3,4,2,4,2,,5,3,3,2,6,4,,5,1,6,1,6,1,6,1,6,1,5,1,,1,1,5,1,5,1,6,1,6,1,6,1,,5,1,6,1,6,1,5,1,6,1,6,1,,2,1,1,1,1,1,,1,1,1,1,1,1,,1,1,1,1,1,1,5,29,0,0,1,0,0,0,0,0,0,0,0,6,2,4,9,,4
1,5d4927e399f83a00152bad4c,,4,4,2,3,5,3,5,,3,3,3,4,2,3,2,,3,2,2,2,6,4,,4,,4,,4,,3,,4,,4,,,1,,5,,5,,5,,5,,5,,,5,,4,,4,,3,,3,,3,,,2,1,1,1,1,1,,2,1,1,2,1,1,,2,2,2,1,1,2,1,49,1,0,0,0,0,0,0,0,0,0,0,5,2,2,9,,6
1,61684a263a8f291d6b91bc71,,4,5,5,3,6,4,5,,5,3,3,4,2,4,5,,2,3,5,5,4,5,,5,1,6,1,6,1,5,2,6,1,6,1,,6,2,5,1,5,1,5,1,6,1,6,1,,5,1,5,1,4,2,6,1,6,1,5,1,,2,1,1,2,1,1,,1,1,1,1,2,2,,1,2,1,1,1,1,2,70,1,0,0,0,0,0,0,0,0,0,0,1,1,2,1,,5
1,5d24e1153e29d00001b3b9b1,,3,5,3,2,4,2,5,,4,3,2,6,2,5,3,,2,2,5,3,5,5,,5,1,4,1,5,1,1,2,6,1,6,1,,2,2,4,1,6,1,5,1,5,2,5,1,,6,1,4,1,5,1,3,1,4,1,4,1,,2,1,1,1,2,1,,1,2,2,2,2,1,,1,1,2,1,1,1,2,36,1,0,0,0,0,0,0,0,0,0,0,5,1,2,9,,4
1,5a9be9db6219a30001d34f1b,,4,5,4,3,5,2,5,,2,1,2,5,1,2,4,,1,1,4,5,3,5,,5,1,6,1,6,1,6,1,6,1,6,1,,5,2,6,1,6,1,6,1,4,2,6,1,,6,1,6,1,4,2,5,1,5,2,5,2,,2,1,1,2,1,1,,1,1,1,2,2,2,,1,2,2,1,2,2,2,35,0,0,1,0,0,0,0,0,0,0,0,4,1,3,3,,3
1,5e2c96a6ec357b2b16b15d31,,5,5,4,6,6,3,5,,3,1,2,6,1,2,3,,1,1,3,3,6,6,,5,1,6,1,6,1,6,1,6,1,6,1,,1,2,5,1,5,1,6,1,6,1,6,1,,6,1,6,1,6,1,6,1,,,6,1,,2,1,1,1,1,1,,2,1,1,1,1,1,,1,1,1,1,1,1,2,64,1,0,0,0,0,0,0,0,0,0,0,5,2,1,9,,3
1,5a75d51a0f1bce0001219703,,6,6,6,5,6,3,5,,6,3,6,5,1,6,6,,2,1,6,5,6,5,,5,1,6,1,6,1,3,1,6,1,2,2,,5,2,6,1,6,1,5,2,6,2,5,1,,6,1,6,1,5,1,6,1,5,1,6,1,,2,1,1,2,1,2,,2,1,1,1,2,2,,1,1,2,1,1,1,2,65,1,0,0,0,0,0,0,0,0,0,0,3,2,2,9,,4
1,5efa4bdaca4722143101c0bc,,6,4,6,6,6,2,4,,5,2,4,4,1,6,4,,1,3,6,5,6,6,,1,2,6,1,2,1,2,2,6,1,4,1,,3,1,3,1,6,1,3,1,6,1,6,1,,3,1,3,1,3,1,1,2,4,1,4,1,,2,1,1,1,1,1,,1,2,1,1,1,1,,2,1,1,1,1,2,2,49,1,0,0,0,0,0,0,0,0,0,0,5,1,1,2,,2
1,62aafc158158c81d6683707e,,5,4,5,2,6,2,4,,3,1,4,3,1,3,4,,1,3,5,3,4,3,,5,1,6,1,3,2,2,2,4,1,2,2,,1,2,3,1,4,1,3,1,3,1,5,1,,4,1,5,1,5,1,3,1,4,1,3,1,,1,1,1,2,1,1,,2,1,1,2,2,1,,2,1,2,1,1,1,1,43,1,0,0,0,0,0,0,0,0,0,0,5,1,4,9,,3
1,62ff9db265e75468236285cd,,5,4,4,3,4,3,5,,3,3,3,4,2,4,3,,3,2,3,3,3,4,,5,1,6,1,5,1,2,2,6,1,4,2,,3,2,5,1,5,1,4,2,6,1,6,1,,4,1,5,1,4,1,4,2,6,1,5,1,,2,1,1,2,1,2,,2,1,1,2,2,2,,2,1,2,1,1,2,2,32,1,0,0,0,0,0,0,0,0,0,0,5,1,2,9,,6
1,59a02221ec2f75000124edea,,6,4,5,6,6,5,4,,4,4,3,4,1,5,4,,1,2,6,5,5,5,,4,1,6,1,6,1,6,2,6,1,6,1,,6,2,6,2,6,1,5,2,5,2,6,2,,6,2,6,2,6,1,6,1,6,1,6,2,,1,1,1,2,1,1,,2,2,1,2,2,1,,2,1,2,1,1,1,2,36,1,0,0,0,0,0,0,0,0,0,0,5,1,4,2,,8
1,6393630a94cf916e41ceb5e3,,3,5,3,6,6,6,4,,3,4,4,4,2,5,2,,4,5,2,1,5,4,,2,2,3,1,3,1,5,1,5,1,6,1,,1,2,2,2,5,1,2,2,6,1,4,1,,4,1,5,1,2,2,1,2,2,2,4,1,,2,1,1,1,1,1,,2,2,2,2,1,1,,2,1,1,1,1,2,1,24,0,0,1,0,0,0,0,0,0,0,0,5,2,4,9,,6
1,63038447d0c5dcd172581321,,5,5,4,6,5,5,4,,5,5,6,5,3,6,3,,3,5,5,3,5,6,,4,1,4,1,6,1,6,1,6,1,6,1,,1,2,5,1,4,1,6,1,6,1,6,1,,4,1,6,1,5,1,3,1,5,1,3,1,,1,1,1,1,1,1,,2,1,2,1,1,1,,2,1,1,1,1,1,2,32,0,1,0,0,0,0,0,0,0,0,0,5,2,2,3,,5
1,5df8e031f9e750657a93aed8,,6,6,6,5,6,5,6,,4,5,4,5,2,4,5,,3,3,5,4,3,6,,3,,6,,6,,1,,3,,6,,,6,,2,,6,,4,,5,,6,,,3,,3,,4,,6,,6,,6,,,2,1,1,2,1,1,,1,1,1,1,1,1,,2,2,1,1,1,1,2,30,0,0,0,0,1,0,0,0,0,0,0,6,2,2,3,,3
1,612a87998958706392797405,,5,6,5,6,6,5,6,,6,3,4,5,2,6,2,,2,3,4,2,6,4,,6,1,6,1,6,1,6,2,4,1,6,1,,6,1,6,1,5,1,5,1,2,2,5,1,,5,1,6,1,5,1,6,1,6,1,6,1,,1,2,1,2,2,1,,1,1,1,1,2,1,,1,1,1,1,1,1,2,33,0,0,1,0,0,0,0,0,0,0,0,6,1,2,2,,6
1,5dfe9f9e19232db3171c8341,,6,5,6,5,5,4,5,,5,4,4,6,3,5,4,,3,4,3,3,5,5,,5,1,4,1,6,1,5,1,5,1,5,1,,6,2,5,1,6,1,5,1,4,2,5,1,,4,1,6,1,5,1,4,1,5,1,5,1,,1,1,1,1,1,1,,2,1,1,2,1,1,,1,1,1,1,1,1,2,33,1,0,0,0,0,0,0,0,0,0,0,5,1,4,9,,2
1,634721c3ca45cbf1e1915dbc,,3,2,3,4,4,4,4,,3,2,3,4,2,4,3,,3,3,4,4,4,5,,6,1,6,1,6,1,3,2,6,1,6,1,,2,2,6,1,6,1,5,2,4,2,5,1,,4,2,3,2,6,1,6,1,6,1,6,1,,1,1,1,2,1,1,,2,1,1,1,1,1,,2,2,1,1,1,1,1,47,0,0,0,0,0,0,0,0,0,1,0,7,1,4,5,,6
1,60ee169032f6e0601e4c2f71,,3,5,2,3,5,1,5,,5,2,4,4,3,5,3,,2,3,4,2,4,5,,4,1,4,1,5,1,5,1,5,1,6,1,,1,2,5,1,5,1,4,1,5,1,5,,,6,1,6,1,6,1,6,1,5,1,5,1,,1,1,1,1,1,1,,2,1,1,1,1,1,,1,1,1,1,1,1,1,22,0,0,0,0,0,0,0,0,0,0,1,5,2,2,9,,4
1,62e0230b16c7be0cfce852f5,,5,5,4,4,4,4,4,,4,4,4,4,4,4,5,,5,4,5,4,4,4,,5,1,6,1,5,1,4,1,4,2,5,1,,1,2,4,1,5,1,1,2,3,2,3,2,,3,2,3,1,2,2,4,1,3,1,4,1,,2,1,1,2,2,1,,2,1,1,2,2,2,,2,2,2,2,2,2,1,27,0,0,1,0,0,0,0,0,0,0,0,3,2,3,9,,9
1,5961076cee166f00019591bf,,5,6,6,5,6,5,6,,5,3,4,6,4,5,4,,2,2,6,5,6,5,,6,,6,,6,,6,,6,,6,,,,2,6,,6,,6,,6,,6,,,6,,6,,6,,6,,6,,6,,,1,1,1,1,1,1,,2,1,1,1,1,1,,1,1,1,1,1,1,1,25,1,0,0,0,0,0,0,0,0,0,0,5,2,2,9,,2
1,607f6a3e3157ca7c42964372,,4,6,6,3,6,3,6,,3,2,2,4,1,5,5,,2,2,6,6,3,6,,5,1,6,1,6,1,4,2,6,1,5,2,,6,1,6,1,6,1,6,1,5,1,6,1,,4,2,5,1,5,1,6,1,6,1,6,1,,2,1,1,2,2,2,,1,2,2,2,2,2,,2,2,2,1,1,1,2,39,0,0,0,0,0,0,0,1,0,0,0,2,1,1,7,,2
1,5c93df6d17c3e400178b2c7a,,6,4,6,4,6,3,4,,5,2,5,5,2,5,4,,4,3,5,4,5,6,,4,1,4,1,4,1,1,2,4,1,4,1,,1,2,4,1,2,1,1,2,1,2,4,1,,4,1,4,1,3,2,3,1,4,1,3,2,,1,1,1,2,1,1,,2,,2,2,2,2,,1,1,2,2,1,2,2,61,1,0,0,0,0,0,0,0,0,0,0,2,1,4,9,,11
1,62348000cc3306d2a40d2e81,,5,5,4,4,3,3,4,,3,2,3,4,2,3,3,,3,3,4,3,4,5,,3,2,5,1,5,1,3,2,3,2,4,1,,1,2,4,1,6,1,3,2,2,2,2,2,,4,1,4,1,2,2,5,1,6,1,1,2,,2,1,1,2,2,1,,2,1,1,2,2,2,,1,1,2,1,1,2,2,40,1,0,0,0,0,0,0,0,0,0,0,5,1,3,9,,6
1,5cdf261ed4b2a30001dd697b,,6,6,6,4,6,5,6,,3,4,4,4,4,3,3,,4,3,6,5,5,5,,4,1,6,1,6,1,3,2,5,1,6,1,,5,1,6,1,6,1,3,2,2,2,3,2,,4,1,5,1,3,1,6,1,6,1,6,1,,2,1,1,2,1,1,,2,1,1,2,2,2,,2,1,2,1,1,1,2,38,0,0,0,0,0,0,0,0,0,1,0,5,1,2,7,,6
1,5c8c20361bb19f00169d4f63,,6,5,4,5,5,5,5,,5,3,4,5,2,5,2,,3,1,5,2,5,6,,6,1,6,1,6,1,3,1,5,1,5,1,,1,2,5,1,6,1,5,1,3,1,5,1,,4,1,3,1,4,1,2,2,4,1,3,2,,1,1,1,2,1,1,,2,1,1,2,1,1,,2,1,1,2,1,2,2,28,1,0,0,0,0,0,0,0,0,0,0,5,2,3,9,,2
1,59e7c8eabbb1380001621d28,,6,6,6,1,6,2,6,,6,2,6,6,1,6,6,,3,1,6,6,2,6,,6,1,6,1,6,1,4,1,6,1,6,1,,6,1,4,1,4,1,3,2,2,2,3,2,,2,1,4,1,2,2,2,1,3,1,3,2,,2,1,1,2,1,1,,1,2,2,2,2,2,,2,2,2,2,2,2,2,42,0,0,0,1,0,0,0,0,0,0,0,6,2,3,1,,5
1,5a59c757f6c517000194f97d,,4,4,3,4,5,6,3,,4,5,5,5,4,4,3,,4,2,6,4,5,6,,5,1,5,1,6,1,4,1,6,1,6,1,,6,1,6,1,5,1,5,1,4,1,5,1,,6,1,6,1,5,1,5,1,6,1,6,1,,2,2,2,2,2,1,,1,1,1,2,2,2,,2,1,2,2,1,2,2,42,1,0,0,0,0,0,0,0,0,0,0,4,1,4,9,,7
1,5faca74d85140a2c931bd265,,5,6,5,6,6,2,6,,5,2,4,6,3,5,4,,2,1,6,4,6,6,,6,1,6,1,6,1,3,2,6,1,6,1,,2,2,6,1,6,1,4,2,6,1,6,1,,6,1,4,2,4,2,6,1,6,1,5,1,,2,1,1,1,1,1,,1,1,1,2,2,2,,2,2,2,1,1,2,2,26,1,0,0,0,0,0,0,0,0,0,0,6,1,2,9,,2
1,60acb27d9223b045a5175907,,5,4,5,4,5,5,5,,4,5,5,5,4,4,4,,3,4,5,4,6,5,,5,1,4,1,5,1,5,1,5,1,5,1,,,2,5,1,5,1,4,1,5,1,5,1,,4,1,5,1,5,1,4,1,5,1,5,1,,2,1,1,1,1,1,,2,1,1,1,1,1,,1,1,1,1,1,1,1,28,1,0,0,0,0,0,0,0,0,0,0,5,2,2,9,,4
1,62d1aa8291752750eb5bd4a7,,5,4,6,4,4,4,4,,3,4,2,4,5,5,6,,5,2,4,5,4,4,,2,2,6,1,4,1,3,2,4,1,5,1,,1,2,4,2,2,2,1,2,2,2,3,2,,5,1,1,2,4,1,4,2,5,1,5,1,,2,1,1,2,2,1,,2,1,2,2,2,2,,1,2,2,1,1,1,1,26,1,0,0,0,0,0,0,0,0,0,0,3,2,2,9,,6
1,62fd72102d45eae69dff5937,,6,5,5,5,5,5,5,,4,5,5,5,2,5,5,,3,4,5,5,6,5,,5,2,6,1,6,1,1,1,3,2,1,2,,6,1,4,1,6,1,5,1,4,1,5,1,,6,1,6,1,6,1,1,1,6,1,6,1,,1,1,1,1,1,2,,1,1,2,1,1,1,,2,1,1,2,1,1,1,45,1,0,0,0,0,0,0,0,0,0,0,2,1,2,1,,9
1,5c2e33e751dcf20001b3204d,,5,6,4,6,6,3,6,,5,3,3,6,2,5,5,,3,2,5,4,6,6,,5,1,6,1,6,1,4,2,6,1,6,1,,4,2,6,1,6,1,5,1,6,1,6,1,,6,1,6,1,5,1,6,1,6,1,6,2,,2,1,1,2,1,1,,2,1,1,2,2,1,,1,1,2,1,1,2,2,34,1,0,0,0,0,0,0,0,0,0,0,4,2,1,2,,6
1,6081927660b125bdbfdf4fc9,,4,5,5,5,5,5,4,,4,2,5,5,2,4,4,,2,5,4,4,5,5,,4,1,4,2,5,1,3,2,4,2,4,2,,1,2,5,1,5,1,5,1,5,1,5,1,,5,2,5,1,5,1,5,1,5,1,5,1,,2,2,2,2,2,2,,2,2,2,2,2,2,,2,2,2,2,2,2,1,48,0,0,0,0,0,0,0,1,0,0,0,5,2,2,7,,4
1,5c26ac6163e1d8000103824f,,3,5,2,5,5,3,5,,3,2,3,4,2,2,2,,2,2,3,2,3,4,,4,1,4,1,5,1,3,1,3,1,6,1,,1,2,3,1,4,1,4,1,4,1,3,1,,5,1,5,1,4,1,4,2,4,2,3,2,,1,1,1,1,1,1,,2,1,1,1,2,2,,2,1,2,2,1,2,2,43,1,0,0,0,0,0,0,0,0,0,0,2,1,1,9,,5
1,5e21df1829db4f0213fb4e67,,5,4,6,4,5,4,4,,4,3,3,4,2,3,3,,2,2,4,5,4,5,,6,1,6,1,6,1,1,2,5,1,5,1,,5,1,6,1,5,1,5,1,6,2,6,2,,4,1,4,1,6,1,6,1,6,2,6,1,,1,1,1,2,1,1,,1,1,1,1,2,2,,2,1,2,1,1,1,2,64,1,0,0,0,0,0,0,0,0,0,0,3,2,1,2,,7
1,62a883ea89c84208d67468ab,,4,4,4,3,5,4,4,,5,3,4,5,2,5,4,,2,4,4,5,4,4,,5,1,4,1,5,1,5,1,6,1,5,1,,1,2,5,1,4,1,3,1,5,1,5,1,,4,1,3,1,3,1,5,1,5,1,4,1,,1,1,1,1,1,1,,1,1,1,1,1,1,,1,1,1,1,1,1,1,33,1,0,0,0,0,0,0,0,0,0,0,4,1,3,3,,5
1,61584e1b67908b0905c47604,,6,6,5,6,4,5,6,,2,2,6,6,2,2,1,,3,4,1,1,6,6,,6,1,4,1,6,1,6,1,4,1,5,1,,1,2,3,1,6,1,2,1,6,1,6,1,,3,2,3,1,3,1,2,1,3,1,3,2,,1,1,1,2,2,2,,2,2,1,2,1,1,,2,2,2,2,1,2,2,40,0,0,1,0,0,0,0,0,0,0,0,6,2,1,9,,1
1,62dacca54ee0d5f38e0cfb9f,,4,3,5,4,6,6,3,,4,6,4,2,3,5,3,,3,1,5,3,5,2,,3,1,4,1,5,1,5,1,5,1,5,1,,1,2,3,1,3,2,2,1,2,1,5,1,,4,1,3,1,2,1,2,2,3,1,2,1,,2,1,1,1,2,1,,2,1,1,2,2,2,,1,1,2,1,2,1,1,26,0,0,0,0,0,0,0,0,0,1,0,6,2,4,9,,6
1,5b98c8c1db823b0001ef5842,,4,3,4,4,5,4,3,,5,4,3,4,3,4,5,,4,3,3,4,3,4,,5,,4,,4,,5,,4,,3,,,4,,5,,3,,4,,4,,4,,,4,,4,,3,,5,,5,,4,,,1,1,2,2,1,1,,1,1,1,1,1,1,,2,1,2,1,2,1,1,42,0,0,0,0,0,0,1,0,0,0,0,5,1,5,9,,6
1,5cdbd587763dd00019702450,,5,6,2,4,5,6,5,,4,4,5,5,5,5,5,,3,4,4,4,4,4,,6,,6,,6,,1,,6,,6,,,1,,5,,5,,6,,6,,6,,,5,,5,,5,,5,,5,,5,,,1,1,1,1,1,1,,1,1,1,1,1,1,,1,1,1,1,1,1,1,37,1,0,0,0,0,0,0,0,0,0,0,5,1,2,9,,1
1,5d73e916515c8b001bed0c5d,,4,5,1,4,4,3,5,,5,3,5,4,4,5,2,,4,4,2,3,6,4,,6,1,5,1,6,1,6,1,6,1,6,1,,1,2,5,1,5,1,4,1,6,1,6,1,,5,1,6,1,6,1,5,2,6,1,5,2,,1,1,1,1,1,1,,1,1,1,1,1,1,,1,1,1,1,1,1,1,33,1,0,0,0,0,0,0,0,0,0,0,2,2,2,9,,4
1,5e15047894d5eeb157532e7f,,6,4,6,5,5,6,5,,5,4,5,5,3,5,6,,3,4,5,5,6,5,,2,1,3,1,1,1,1,1,2,1,1,1,,1,1,2,1,2,1,2,1,2,1,2,1,,2,,2,1,2,,2,1,2,1,3,1,,2,1,1,2,2,2,,2,2,1,2,2,1,,1,2,1,2,2,1,1,34,1,0,0,0,0,0,0,0,0,0,0,4,1,3,9,,7
1,5c5b6b000bed790001ecd46d,,5,5,5,5,5,4,5,,4,4,5,5,3,4,4,,3,4,4,4,5,5,,6,1,2,2,2,2,2,2,2,2,2,2,,2,2,2,2,2,2,2,2,3,2,2,2,,4,2,4,2,3,2,3,2,3,2,3,2,,1,1,1,1,1,1,,2,1,1,1,2,1,,2,1,1,1,1,1,2,43,0,0,1,0,0,0,0,0,0,0,0,5,1,4,3,,6
1,5ed5554c81c8660c613057d4,,5,6,3,6,5,3,6,,6,3,3,6,1,6,3,,3,3,3,3,6,6,,6,1,6,1,5,1,2,2,3,2,1,2,,1,2,6,1,2,2,4,1,5,1,,2,,4,1,6,1,5,1,6,1,5,1,4,1,,1,1,1,2,2,1,,2,1,2,2,2,2,,2,1,1,1,1,1,1,62,1,0,0,0,0,0,0,0,0,0,0,5,2,2,9,,4
1,5e9aff02f4a78b1a1fe7fc3c,,6,6,5,4,5,2,6,,4,2,5,6,1,4,3,,1,3,5,3,5,6,,5,1,6,1,6,1,3,1,6,1,6,1,,1,1,6,1,5,1,4,1,4,2,5,1,,5,1,5,1,5,1,4,1,6,1,6,1,,2,1,1,2,1,1,,2,1,1,1,1,1,,2,2,1,1,1,1,1,27,1,0,0,0,0,0,0,0,0,0,0,5,2,2,9,,6
1,55c3b47dfdf99b52bdba86da,,4,5,4,4,6,5,6,,5,5,5,6,2,6,3,,2,4,4,3,5,6,,5,1,5,1,6,1,5,1,6,1,5,1,,2,2,5,1,6,1,4,2,4,2,5,1,,4,1,5,1,5,1,5,1,6,1,6,1,,1,1,1,2,1,1,,2,1,1,2,2,1,,2,1,2,1,1,1,2,23,1,0,0,0,0,0,0,0,0,0,0,5,2,3,9,,4
1,59e39cc9c0d35a0001294f20,,6,4,6,1,5,2,3,,2,2,1,5,3,1,6,,3,1,6,6,4,4,,4,1,5,1,5,1,4,2,5,1,6,1,,1,2,5,1,5,1,5,1,6,1,6,1,,5,1,6,1,5,1,6,1,6,1,5,1,,2,1,1,2,1,1,,2,1,2,1,1,1,,1,1,2,1,1,1,1,69,1,0,0,0,0,0,0,0,0,0,0,5,1,2,9,,11
1,5b12f985bd9c31000156ce71,,6,5,4,3,4,3,5,,5,4,5,5,3,6,3,,4,2,4,3,4,5,,5,1,6,1,6,1,2,2,5,1,6,1,,2,2,5,1,4,1,4,2,6,1,6,1,,6,1,5,1,5,2,4,2,5,2,4,1,,1,1,1,2,1,1,,2,1,1,2,1,1,,2,2,1,2,1,1,2,27,0,0,0,0,1,0,0,0,0,0,0,6,2,3,3,,3
1,62fb9e94ca71e648ff41d975,,4,5,2,3,5,2,6,,4,2,4,5,2,4,2,,3,3,2,2,6,6,,6,1,6,1,6,1,2,1,4,1,6,1,,1,2,6,1,6,1,6,1,6,1,6,1,,2,2,6,1,2,1,1,2,3,1,6,1,,2,1,1,2,2,1,,2,1,1,2,2,2,,2,2,2,2,1,2,2,46,1,0,0,0,0,0,0,0,0,0,0,4,2,1,9,,6